wid,weibo_link,content,img_urls,location,publish_time,publish_tool,like_num,forward_num,comment_num
M9mif82X1,https://weibo.cn/comment/M9mif82X1?uid=1669879400&rl=0#cmtfrm,入秋新姿势：秋酷🕶️  [组图共4张] 原图 ,http://ww3.sinaimg.cn/large/001P0DUIly1h6xvbtlvkdj60zg1baaii02.jpg http://ww2.sinaimg.cn/large/001P0DUIly1h6xvbu4jjhj60zk1betnd02.jpg http://ww3.sinaimg.cn/large/001P0DUIly1h6xvbtamf6j60zk1betkk02.jpg http://ww4.sinaimg.cn/large/001P0DUIly1h6xvbuy843j60zk1beatg02.jpg,无,2022-10-08 14:35,无,5773454,1000000,1000000
M7YWmcLtj,https://weibo.cn/comment/M7YWmcLtj?uid=1669879400&rl=0#cmtfrm,是喜欢搞怪的小姐姐一枚吖～  [组图共6张] 原图 ,http://ww3.sinaimg.cn/large/001P0DUIly1h6nejrugpmj60zk1be7f102.jpg http://ww3.sinaimg.cn/large/001P0DUIly1h6nejsetlfj60zg1bataq02.jpg http://ww4.sinaimg.cn/large/001P0DUIly1h6nejtg963j60zg1batuj02.jpg http://ww3.sinaimg.cn/large/001P0DUIly1h6nejtviwxj60zk1be48q02.jpg http://ww4.sinaimg.cn/large/001P0DUIly1h6nejuc5k3j60zg1bamyk02.jpg http://ww2.sinaimg.cn/large/001P0DUIly1h6nejr1jqgj60zk1be76y02.jpg,无,2022-09-29 13:18,无,5548445,1000000,1000000
M7vc2bGwh,https://weibo.cn/comment/M7vc2bGwh?uid=1669879400&rl=0#cmtfrm,开启人生的每一扇门，去体验不一样的身份很高兴解锁新身份，成为 @德施曼智能锁 代言人高端科技、智能无限，我们一起解锁未来无限想象#迪丽热巴代言德施曼# 德施曼智能锁的微博视频  ,无,无,2022-09-26 09:34,微博视频号,2290886,1000000,1000000
M6LFGaLto,https://weibo.cn/comment/M6LFGaLto?uid=1669879400&rl=0#cmtfrm,#安乐传首支预告# 肩负重任，戎装出征，历经沙场风霜，共守盛世安乐。#安乐传# 电视剧安乐传的微博视频  ,无,无,2022-09-21 13:40,微博视频号,2273240,1000000,1000000
M5jsey7UX,https://weibo.cn/comment/M5jsey7UX?uid=1669879400&rl=0#cmtfrm,大美女的生日到啦！祝美少女幂姐@杨幂 生日快乐！快乐每一天  [组图共2张] 原图 ,http://ww2.sinaimg.cn/large/001P0DUIly1h633ydjybgj633449ue8202.jpg http://ww4.sinaimg.cn/large/001P0DUIly1h633y4mjeij633449uu0x02.jpg,无,2022-09-12 00:00,无,1221691,20088,68352
M58IJwbZw,https://weibo.cn/comment/M58IJwbZw?uid=1669879400&rl=0#cmtfrm,祝大家中秋节快乐、健康、平安  原图 ,https://wx3.sinaimg.cn/large/001P0DUIgy1h61sklfqazj60ty10675602.jpg,无,2022-09-10 20:41,无,6164511,1000000,1000000
M3L6Pufe5,https://weibo.cn/comment/M3L6Pufe5?uid=1669879400&rl=0#cmtfrm,有它，不论熬夜拍戏，出差还是换季，始终让我保持肌肤年轻、弹润、透亮好状态。想知道我在忙碌工作之余有什么护肤秘诀吗？明天起至9月6日每晚18:03锁定娇韵诗官方旗舰店搜索“娇韵诗双萃精华” 抢先观看我的#一周幕后日记# 吧！期待在@法国娇韵诗 与你相见！ Dear-迪丽热巴的微博视频  ,无,无,2022-09-01 18:44,微博视频号,2329253,1000000,1000000
M3ziyewR6,https://weibo.cn/comment/M3ziyewR6?uid=1669879400&rl=0#cmtfrm,夏天就要过去啦！和小裙子们👗👋  [组图共3张] 原图 ,http://ww2.sinaimg.cn/large/001P0DUIly1h5pug3j37nj61xg1xghdu02.jpg http://ww1.sinaimg.cn/large/001P0DUIly1h5pug5hh0dj61ww2vehdw02.jpg http://ww2.sinaimg.cn/large/001P0DUIly1h5pug79yf9j61ww2pgb2b02.jpg,无,2022-08-31 12:40,无,7241486,1000000,1000000
M0nBbquHQ,https://weibo.cn/comment/M0nBbquHQ?uid=1669879400&rl=0#cmtfrm,ootd：🏃♀️🚴♀️  [组图共2张] 原图 ,http://ww3.sinaimg.cn/large/001P0DUIly1h51loc8hbuj62c0340e8302.jpg http://ww3.sinaimg.cn/large/001P0DUIly1h51lodkimij62c0340b2c02.jpg,无,2022-08-10 13:22,无,6398725,1000000,1000000
LE2MwnJRY,https://weibo.cn/comment/LE2MwnJRY?uid=1669879400&rl=0#cmtfrm,#你是我的荣耀开播一周年# 好久不见，晶晶。手握梦想我们一起闪闪发光。  原图 ,https://wx1.sinaimg.cn/large/001P0DUIly1h4k5kt0wuaj62bc1jk7wj02.jpg,无,2022-07-26 11:10,无,3272801,1000000,1000000
LCmr8wyGI,https://weibo.cn/comment/LCmr8wyGI?uid=1669879400&rl=0#cmtfrm,当玫瑰芬芳于蛰伏中苏醒，自身体里绚烂绽放，白日玫瑰由此蔓延至无际。随我与@Valentino美妆 华伦天奴香水一起，打破庸常，尽情绚烂。#迪丽热巴华伦天奴美妆亚太区香氛代言人##华伦天奴铆钉香水# Valentino美妆的微博视频  ,无,无,2022-07-15 09:31,微博视频号,3022168,1000000,1000000
LC4HwDaHN,https://weibo.cn/comment/LC4HwDaHN?uid=1669879400&rl=0#cmtfrm,和@凯旋1664 沉浸一夏，灵感沙龙与冰爽特调，你想要的法式生活尽在1664 L’ATELIER巴黎艺墅～⏰7月14日15:25  ，1664官方品牌直播间不见不散#玩味遇见巴黎##迪丽热巴1664全球品牌代言人#  原图 ,https://wx2.sinaimg.cn/large/001P0DUIly1h456m9gt3kj615o21c4qq02.jpg,无,2022-07-13 12:22,无,2923328,1000000,1000000
LBMw27gFH,https://weibo.cn/comment/LBMw27gFH?uid=1669879400&rl=0#cmtfrm,#我的夏日OOTD# ootd：📷🖤  [组图共2张] 原图 ,http://ww1.sinaimg.cn/large/001P0DUIly1h42yb2sux1j61sc2dshdt02.jpg http://ww1.sinaimg.cn/large/001P0DUIly1h42yb4vlvdj61sc2dse8102.jpg,无,2022-07-11 14:05,无,6361526,1000000,1000000
LAzcdmtoo,https://weibo.cn/comment/LAzcdmtoo?uid=1669879400&rl=0#cmtfrm,ootd：🍓[举手]  [组图共4张] 原图 ,http://ww4.sinaimg.cn/large/001P0DUIly1h3tpt7olv1j62c0340b2c02.jpg http://ww3.sinaimg.cn/large/001P0DUIly1h3tptbc8arj62c03401l002.jpg http://ww1.sinaimg.cn/large/001P0DUIly1h3tpt3fod7j62c0340u0z02.jpg http://ww1.sinaimg.cn/large/001P0DUIly1h3tptdyjk2j62c0340npf02.jpg,无,2022-07-03 14:20,无,6411062,1000000,1000000
LzG7H9pwE,https://weibo.cn/comment/LzG7H9pwE?uid=1669879400&rl=0#cmtfrm,ootd：🤳自拍存货  [组图共3张] 原图 ,http://ww3.sinaimg.cn/large/001P0DUIly1h3mykhe5t1j61o0280qv502.jpg http://ww3.sinaimg.cn/large/001P0DUIly1h3mykl5aymj61o0280qv502.jpg http://ww4.sinaimg.cn/large/001P0DUIly1h3mykobbnbj61o0280qv502.jpg,无,2022-06-27 18:08,无,6585805,1000000,1000000
LyzaGBaAK,https://weibo.cn/comment/LyzaGBaAK?uid=1669879400&rl=0#cmtfrm,#公诉精英杀青# 心之所向，身之所往，勇于担当，不负重托！安旎，期待早日相见！#公诉精英#  原图 ,https://wx4.sinaimg.cn/large/001P0DUIly1h3ei9x9k3zj647s6bk7wk02.jpg,无,2022-06-20 10:35,无,3213005,1000000,1000000
