评论者主页,评论者昵称,评论者性别,评论者所在地,评论者微博数,评论者关注数,评论者粉丝数,评论内容,评论获赞数,评论发布时间
https://weibo.cn//cnguanzhu,冠珠瓷砖官方微博,男,广东,2364,207,166.3万,迪迪酷进小红砖的心巴啦[哇][哇],40363,2022-10-08 14:38
https://weibo.cn//u/5929067685,Swisse斯维诗,女,广东,5203,131,178.2万,超酷迪上线！入秋记得补充Sisi家乳清蛋白粉，由内而外提升保护力~一起来pick装“酷”不能没有的光腿神器吧~~💪,35486,2022-10-08 14:59
https://weibo.cn//u/3980995961,安慕希,男,北京,7197,194,194万, 你就是我上班第一天的氧气！你就是秋天里的酷girl！[送花花]（顺便给大家看下小安酷酷的🕶） ,34574,2022-10-08 15:11
https://weibo.cn//u/1934699147,小-妖云亭,女,安徽,10,319,52,     举报             赞[0]         回复             3分钟前 来自来自安徽,0,2022-10-13 15:55
https://weibo.cn//u/7770953917,吃曼谷的风,女,其他,9,46,39,360°无死角啊啊啊,0,2022-10-13 15:55
https://weibo.cn//u/6040785791,吱呀紫呀,女,上海,2252,168,120,     举报             赞[0]         回复             3分钟前 来自来自上海,0,2022-10-13 15:55
https://weibo.cn//u/7234754213,兰庭玗,女,浙江,36,111,4,     举报             赞[0]         回复             3分钟前 来自来自浙江,0,2022-10-13 15:55
https://weibo.cn//u/6482700560,黄油薯片没你甜,女,江苏,3790,148,156,[开学季],0,2022-10-13 15:53
https://weibo.cn//u/7284696705,Peng鹅鹅,女,湖北,10,21,4,姐姐娶我,0,2022-10-13 15:53
https://weibo.cn//u/7700037856,想要扑倒你,男,其他,1461,361,7,想你,0,2022-10-13 15:53
https://weibo.cn//u/7346401006,霄颜沫沫,男,其他,1043,55,4,快来啊,0,2022-10-13 15:53
https://weibo.cn//u/7346401006,霄颜沫沫,男,其他,1043,55,4,     举报             赞[0]         回复             6分钟前 来自来自山东,0,2022-10-13 15:52
https://weibo.cn//u/7669102348,小报怀里的养乐多o,女,海外,4928,88,640,回复@法国娇韵诗:[送花花],0,2022-10-13 15:53
https://weibo.cn//u/7669102348,小报怀里的养乐多o,女,海外,4928,88,640,回复@法国娇韵诗:[HO亲亲],0,2022-10-13 15:53
https://weibo.cn//u/6124553522,库洛米拖拉机,女,广东,7,97,28,宝宝好美,0,2022-10-13 15:53
https://weibo.cn//u/7669102348,小报怀里的养乐多o,女,海外,4928,88,640,回复@法国娇韵诗:[举杠铃],0,2022-10-13 15:53
https://weibo.cn//u/7669102348,小报怀里的养乐多o,女,海外,4928,88,640,回复@Dear迪丽热巴后援会:[赢牛奶],0,2022-10-13 15:53
https://weibo.cn//u/5264672452,珍珍大BOSS,女,山西,444,174,1796,     举报             赞[0]         回复             6分钟前 来自来自山西,0,2022-10-13 15:53
https://weibo.cn//u/7669102348,小报怀里的养乐多o,女,海外,4928,88,640,回复@熊崽嗷呜一口菠萝包-:,0,2022-10-13 15:53
https://weibo.cn//u/5255086078,姜要晚星,女,其他,310,207,1,老婆,0,2022-10-13 15:52
https://weibo.cn//u/5966598759,樱桃小丸子ideology,女,河南,129,154,32,酷酷的,1,2022-10-13 15:52
